Model,MCQ Accuracy (%),RCM Accuracy (%),VSP MAD (Mean Absolute Difference)
LLaMA 3.1,56.949999999999996,58.666666666666664,2.0494949494949495
Mistral,52.45,50.28571428571429,2.4162162162162164
