Dataset,Metric,Value
RCM,Accuracy,63.437086092715234
MCQ,Accuracy,75.663660278090944
VSP,MAD,2.00215
